reference,nom_csv,nom_site
LIVMATAIR,Forfait livraison compresseur et matelas air,Collier cervical anatomique DonJoy C2 - T2...
LIVAEROSOL,Forfait livraison aerosol,Aerosol bactéricide menthe 750 ml PUCK
LIVVERTIC,Forfait livraison verticalisateur,Fauteuil roulant électrique...
LIVLEVMAL,Forfait livraison lève personne,Stéthoscope Idéal+ - Pavillon simple - Noir
COUSSINAEFAP,coussin anti escarre classe 2 pour fap,Accroche-canne Patterson
LIVDEAMB,Forfait livraison déambulateur,Stéthoscope Idéal+ - Pavillon simple - Noir
COUSSINPOSDEC,Coussin de positionnement décubitus,Coussins Kalli Visco 42 x 42 x 8 cm
APPSOUT,appareil de soutien partiel de la tête pour fap,Masques à oxygène moyenne concentration...
HX_SUBSBM1AC004,Pack de 4 électrodes 50 x 90 mm,Neurostimulateur connecté actiTENS Pack de...
HX_INVBW1533739A3,"Fauteuil  Action 3NG fixe Stock T. 45,5cm",Fauteuil Action 3NG inclinable Stock T. 38...
HX_INVBW1533737A3,"Fauteuil Action 3NG fixe Stock T. 40,5 cm",Fauteuil Action 3NG inclinable Stock T. 38...
HX_INVBW1533738A3,Fauteuil Action 3NG fixe Stock T. 43 cm,Fauteuil Action 3NG inclinable Stock T. 38...
HX_INVBR1538209,"Fauteuil Action 2NG fixe Stock T. 40,5 cm",Fauteuil Action 2NG - 405x400
HX_INVBR1538211,"Fauteuil Action 2NG fixe Stock T. 45,5 cm",Fauteuil Action 2NG fixe Stock T. 43 cm
HX_INVBW1533736A3,Fauteuil Action 3NG fixe Stock T. 38cm,Fauteuil Action 3NG inclinable Stock T. 38...
HX_INVBW1533740A3,Fauteuil Action 3NG fixe Stock T. 48cm,Fauteuil Action 3NG inclinable Stock T. 38...
HX_INVBR1538212,Fauteuil Action 2NG fixe Stock T. 48 cm,Fauteuil Action 2NG fixe Stock T. 43 cm
HX_INVBW1533741A3,"Fauteuil Action 3NG fixe Stock T. 50,5 cm",Fauteuil Action 3NG inclinable Stock T. 38...
HX_INVBW1533749A3,"Fauteuil  Action 3NG inclinable Stock T. 40,5 cm",Fauteuil Action 3NG inclinable Stock T. 38...
HX_INVBR1655007,"Fauteuil Action 2NG inclinable Stock T. 50,5 cm","Fauteuil Action 2NG fixe Stock T. 50,5 cm"
HX_INVBR1538218,Fauteuil Action 2NG inclinable Stock T. 43 cm,Fauteuil Action 2NG fixe Stock T. 43 cm
HX_INVBR1538219,"Fauteuil Action 2NG inclinable Stock T. 45,5 cm",Fauteuil Action 2NG - 405x400
HX_ERGNC920E10,Commande tierce personne,Lampe LED + fixation
HX_ERGNC7E10,Commande tierce personne,Commande de paramétrage
HX_WHEELEO,Rollator à une main Wheeleo - Pack de 3,Wheeleo® - Déambulateur à une main
HX_WHEELEOPACK,Rollator à une main Wheeleopack - Pack lancement 2+1 - Wheeleo,Wheeleo® - Déambulateur à une main
HX_WHEELEOPACKBAG,Déambulateur à 1 main - Pack de lancement 2+1 + 8  WheeBag,Fauteuil roulant manuel pliable pour la...
HX_WHEELEO2DBAG,Déambulateur canne à 4 pied (quadipode) x2 + 8 WHEEBAG,Wheeleo® - Déambulateur à une main
HX_COL334080,Pansement Biatain Silicone Multisite  14 x 19.5 cm,Poche à urine de nuit Conveen
HX_HAR609666,"Pansement irrigo-absorbant HydroClean Advance rond 5,5 cm diam.",Set de sondage urinaire MediSet®
HX_HAR609664,Pansement irrigo-absorbant HydroClean Advance ovale 4 x 8 cm,Set de sondage urinaire MediSet®
HX_HAR609662,Pansement irrigo-absorbant HydroClean Advance rond 4 cm diam.,Pansement Méchage - MediSet®
HX_HAR413653,Pansement absorbant Zetuvit Stérile 15 x 20 cm,Pansement RespoSorb® Silicone Border 15 x...
HX_HAR478285,Pansements post-op / Petites plaies avec coupe-fils MediSet,Pansements post-op / Plaies moyennes avec...
HX_COL37152,Pansement Biatain Alginate 15 x 15 cm,Etui pénien Conveen Optima Specific 35Mm
HX_COL335090,"Pansement Biatain Fiber 3,5 x 46 cm",Poche à urine 250 ml Conveen Active
HX_COL335050,Pansement Biatain Fiber 12.5 x 12.5 cm,Poche à urine 250 ml Conveen Active
HX_CLE7041,"35 Yannick fermé, cuir, mixte noir T35","Chaussures fermées - Yannick - cuir, mixte..."
HX_SYL2067882,Pansement absorbant Sylavit 10 x 10 cm stérile,Pansement absorbant Sylavit 10 x 20 cm...
HX_CARCX9135,Exerciseur muscle pelvien,Planche de transfert pliable Roller Slide...
HX_DEVIGOB0005,Pince Adson S/G 12 cm,Ciseaux Dauphin droits 14 cm
HX_SANBT150,Tire-Lait Saturn Connecté,Sac à dos médical City Elite Bags
HX_SANBTF32,Téterelle 32mm,Set recueil avec colier et capuchon de...
HX_BED101NT0116020021,Draps housse 160X200 Gris Dermofresh,Draps housse 160X200 Blanc Dermofresh
HX_BEDH12NT470902002001,Housse intégrale 90X200X20 Blanc,Housse intégrale de matelas Dermofresh...
HX_BED151NT0112020001,Drap housse ICE 120x200 Blanc natural,Drap housse ICE 120x200 Gris
HX_BED151NT0109020001,Drap housse ICE 90x200 Blanc natural,Drap housse ICE 90x200 Gris
HX_BED101NT2406004029,Taie d'oreiller reva 60X40 Vert d'eau,Taie d'oreiller reva 60X40 Gris
HX_BED101NT2406004034,Taie d'oreiller reva 60X40 Rose,Taie d'oreiller reva 60X40 Gris
HX_BEDH12NT471402002001,Housse intégrale 140X200X20 Blanc,Housse intégrale 140X200X15 Blanc
HX_SANBTF27,Téterelle 27mm,Sac à dos médical City Elite Bags
HX_BED151NT0114020001,Drap housse ICE 140x200 Blanc natural,Drap housse ICE 140x200 Gris
HX_BIO113116102,Bladderscan Caresono PADSCAN HD2,Attelle ligamentaire Donjoy ACL Everyday...
HX_LIVPICOMICRO,Fauteuil releveur économique 1 moteur Pico,Fauteuil releveur économique Pico Micro -...
HX_CV1090300,Immobilisateur avec Protection des Mains,Etui pénien Conveen Optima Standard
HX_HAR900870,Pansement adh Cosmopor 7.2x5-BT50,"Pansement Cosmopor® E 7,2 x 5 cm. La boîte..."
HX_IDE80131430S,ID Super protect 40*60 ST30,ID Super protect 40 x 60 cm
HX_IDD81311430,ID Protect extra plus 60*90-ST 30,ID Discreet Underpads Extra Plus - 60 x 90 cm
HX_LIVPDTELECOMMANDE4M,Télécommande SK-50K pour fauteuil 4M,Télécommande universelle Verticalis
HX_MEDA1060,Doigtiers 2 doigts - Non stériles - TU,Doigtier roulé sans poudre Latex - S
HX_MEDM1310130,Compresse non tissé NST - 4 plis - 30 gr 5 cm x 5 cm-BT100,Compresse non tissé non stérile - 4 plis -...
HX_MEDM50004,Set de soin n°4 Vrac,Set de soins stérile N°4
HX_MEDM50018,Set de suture N°18,Set de soin n°6
HX_MED69OR1L,"Blouse visiteur avec boutons pression, 2 poches   Taille L",Blouse de protection visiteur Taille : L.
HX_MED69OR1XL,"Blouse visiteur avec boutons pression, 2 poches  Taille XL",Blouse de protection visiteur Taille : XL.
HX_MEDM500145,Set de soin n°9,Set de soins - Stérile - N°9
HX_MEDM13003S2,Compresse gaze ST 17 fils - 8 plis 10cmx10cm,Compresse gaze stérile 17 fils - 8 plis -...
HX_MEDM13101S5,Compresse non tissé ST - 4 plis - sachet de 5  5 cm x 5 cm,Compresse non tissée stérile - 4 plis - 5...
HX_MEDM13103S5,Compresse non tissé ST - 4 plis - sachet de 5  10 cm x 10 cm,Compresse non tissée stérile - 4 plis - 10...
HX_MEDM13102S5,"Compresse non tissé ST - 4 plis - sachet de 5   7,5 cm x 7,5 cm",Compresse non tissée stérile - 4 plis -...
HX_MEDM50003,"Set de soin N°3 5 compresses en Non tissé 7,5 x",Set de soins N°2
HX_SCA712400,TENA Slip Maxi Medium le sachet de 24,TENA Slip Proskin Maxi - Taille Medium
HX_DIDPMFML50F,"Prolongateur PVC 2,5 x 4,1 mm 1V LL MOB 50 CM BPAF",Fauteuil roulant électrique pliant Alber...
HX_MEDHCS892,Nebuliseur Micro Mist sans Masque-UN,Nébuliseur Micro Mist avec embout buccal
HX_MEDM14B07P,C-Boule De Coton 0.6 Gr-ST700,Boule de coton x700
HX_PHA072900,C-Tapis amortissement Sécurform - UN,Tapis d'amortissement Sécurform
HX_PRANA03153IN,Gobelet gradué 30 ml transparent ST90,Gobelet gradué 30 ml transparent
HX_TERSRDM1845WD,C-Catheter court à ailettes SURFLO W 18 G - BTE 50,Cathéter court à ailettes SURFLO W 18 G
HX_VYG0VENP2GT,C-Poche Nutrition 1200Ml+Comp Glace (N)-ST50,Gel hygiène intime 250 ml
HX_RAF020626,Filet tubulaire élastique - Main - T. 3,Filet tubulaire élastique - Sans latex -...
HX_TERSAN2225R1,Aiguille hypodermique de sécurité SAFETY AGANI  22Gx1''-0.70x25mm-Noir -BTE 100,Aiguilles hypodermiques de sécurité Agani...
HX_HEIK00034206,Petit embout de contact DELTA 30-UN,Petites plaques de contact DELTA 30
HX_TESTTEST,TEST/TEST,TENA ProSkin Cellduk - Dimensions : 25 x...
HX_HEXLRESPTRANSFO,Transformateur + cable fauteuil releveur Emile/Marcel,Fauteuil roulant actif fixe Nitrum Quickie
HX_HEXLRESPFTRM,Vérin repose-pieds fauteuil releveur Emile/Marcel,Attelle de poignet-main DonJoy RESPIFORM -...
HX_HEXLRESPBKRM,Vérin pour dossier fauteuil releveur Emile/Marcel,Casque TV sans fil TV3500
HX_HEXLRESP1M,Vérin pour moteur fauteuil Emile,Assistance électrique à la propulsion...
HX_HEXSTANDPARALPM,Prêt Stand Parapluie LPM,Rouleaux de draps d'examen Confort gaufrés...
HX_SED650241,Registre des déclarations de décès,Gaine de stérilisation - 150 mm x 200 m
HX_SED650113,CARNET DE RELEVES NOMINATIFS ADMINISTRATION ET GESTION DES STOCKS DE STUPEFIANTS,Tubulure à oxygène Hudson Star-Lumen
HX_HEXSTANDPARATDS,Prêt Stand Parapluie courbe TDS,Cuillère à soupe caoutchouc Goodgrip...
HX_BDMZ5301,MaxZero prémonté sur prolongateur simple - 18cm - Clamp coulissant,Sparadrap 3M™ Micropore™ sans dévidoir...
HX_BDMZ9283,Prolongateur multivoies avec valve bidirectionnelle,Seringue Discardit II BD 2 ml
HX_ID531026521002,ID Form extra Long - ST 21,ID Form Extra long - 31 x 64 cm
HX_BED101NT0108020021,Draps housse 80x200 Gris Dermofresh,Draps housse 80x200 Blanc Dermofresh
HX_BED101NT0114020021,Draps housse 140X200 Gris Dermofresh,Draps housse 140X200 Blanc Dermofresh
HX_BED101NT0112020021,Draps housse 120x200 Gris Dermofresh,Draps housse 120x200 Blanc Dermofresh
HX_SYNOSIRIS,Douche au lit OSIRIS,Aiguilles hypodermiques - Noires - 22 G -...
HX_TERMDSS05SE,Seringue 3 pièces 5 ml Embout centré,Seringues 3 pièces - 5 ml - Luer slip
HX_3M1657R,"Pansement de maintien Tegarderm 3M CHG IV 11,5 x 8,5 cm",Suture cutanée adhésive Steri-Strip 100 x...
HX_3MST2176,Stéthoscope Master Cardiology - Simple pavillon - Noir,Master Cardiologie Littmann® Modèle Smoke...
HX_HALISPAHAN0,Tunique homme Ispahan Taille 0 (36/38),Tunique homme Ispahan - Taille 3 (48/50)
HX_HALJAVA0,Pantalon mixte Java taille 0 (36/38),Pantalon mixte Java - Taille 3 (48/50)
HX_HALBYZAN0,Tunique femme Byzan taille 0 (36/38),Tunique femme Byzan - Taille 3 (48/50)
HX_HALVOLGA0,Tunique femme Volga Taille 0 (36/38),Tunique femme Volga - Taille 3 (48/50)
HX_ANIPACKDSVAVAPEUR,Pack DSVA et VAPEUR,Pack DSVA et VAPEUR MINI
HX_BD405256,Aiguille spinale BD Yale 90 mm,Aiguilles spinales BD Yale™ - 22 G -...
HX_BD300613,Seringue Plastipak 20 ml cone centré,Seringue Plastipak 20 ml - Cône excentré
HX_BD381223,Catheter Insyte 22 G 25 mm bleu,Catheter Insyte Standard 22 G 25 mm bleu
HX_BD405252,Aiguille spinale BD Yale™ 20 G,Aiguilles spinales BD Yale™ - 20 G -...
HX_BD405253,Aiguille spinale BD Yale™ 20 G,Aiguilles spinales BD Yale™ - 20 G -...
HX_BD405257,Aiguille spinale BD Yale™ 25G,Aiguilles spinales BD Yale™ - 25 G-...
HX_BDTP,Bouchon TP,Bouchon Luer Lock mâle/femelle TP-MF
HX_BD309110,Seringues 2 pièces 10 ml  Discardit II,Seringue Discardit II BD 10 cc. Embout...
HX_BD383318,Microperfuseur de sécurité droit 24G,Cathéter sécurisé BD Saf-T Intima™ 1 voie...
HX_BD383339,Microperfuseur de sécurité Y 20G rose,Cathéter sécurisé BD Saf-T Intima™ 2 voies...
HX_BD329605,Aiguilles à stylo sécurisées avec double protection BD Autoshield™,Aiguilles sécurisées pour stylo avec...
HX_BD394926,Robinet BD Connecta 3 voies,Robinet BD™ Connecta™ 3 voies Avec...
HX_BD381823,Catheter Insyte 22 G 25 mm Bleu Sans Ailettes,Catheter Insyte Sécurisé 22 G 25 mm Bleu...
HX_BD303175,"Seringue BD Plastipak 3 Pièces Tuberculine 1ML Prémontée  avec aiguille BD Microlance 25 G - L. 16 mm x 0,50 mm - Boîte de 120",Seringue BD Plastipak™ avec aiguille BD...
HX_COL334850,Pansement Biatain Adhesive Sacrum 23 x 23 cm,Attelles de doigt alu / mousse - type...
HX_COM4500251,"Suite fiche médicale Stern-Org, grand modèle",Fiche médicale Stern-Org Suites de fiches...
HX_COM4500261,Suite fiche médicale Stern-Org petit modèle,Fiche médicale Stern-Org Suites de fiches...
HX_COM2910242,Ciseaux universels de Jesco Jaune,Ciseaux universels de Jesco 17 cm Jaune....
HX_COM2470025C,"Speculum auriculaire couleur 2,5 mm",Spéculums auriculaires
HX_COM2912502,Rasoir jetable 2 lames boite de 100,Rasoir jetable Rasoirs 2 lames.
HX_COM1620052,Broyeur de comprimés ergonomique,Urinal gradué pour homme sans bouchon
HX_DEVIGOB0429,Pince Halstead courbe S/G 13 cm,Pince Halstead courbe Sans Griffes 13 cm
HX_DEVIGOB0430,Pince Halstead droite A/G 13 cm,Pince Halstead droite à griffes 13 cm
HX_CAGLS,Gants latex poudrés - Taille S - 6/7,Gants latex poudrés - Taille M - 7/8
HX_COL334871,Pansement Biatain Adhésive Talon 23 x 23 cm.,Sonde urinaire SpeediCath Compact Set Homme
HX_EMI712305,Chevalet A3 culotte incontinence Femme,Chaussure Post-Op Donjoy Podalux II - S -
HX_EMI712303,Chevalet A3 boxer incontinence Homme,Pansement gras stérile Jelonet  5 x 5 cm
HX_EMI712304,Chevalet A3 culotte règle Fille et Femme,Boite de 100 abaisse-langue
HX_EMIA712122,Présentoir Culotte règle Fille et Femme,Horloge calendrier à LED rouge
HX_EMIA712257,Présentoir Boxer incontinence Homme,Huile de Massage et de soin
HX_EMIA712117,Bout de broche Boxer incontinence Homme,Savon doux Aniosafe - 250 ml
HX_EMIA712237,Bout de broche Culotte incontinence Femme,Grenouillère Manches Longues en Interlock...
HX_EMIA712113,Bout de broche Culotte règle Fille et Femme,TENA ProSkin Slip Super - Taille XL
HX_HEIX00188034,"AMPOULE XHL XENON HALO.2,5V #34","AMPOULE XHL XENON HALO.2,5V"
HX_HEID00871105,Tête ophtalmoscope mini 3000 à LED,Ophtalmoscope mini 3000 - LED - Noir
HX_HEIX00188109,"Ampoule 2,5V pour dermatoscope mini 3000 #109","Ampoule 2,5V pour dermatoscope mini 3000"
HX_HEIB00811400,Tête Otoscope BETA 400 LED F.O.,"Otoscope Beta 400 F.O. LED Tête seule,..."
HX_HEIX00799396,Poignée complète + Batterie Li-ion et Culos BET,Poignée rechargeable Li-ion Beta 4 USB et...
HX_HEIX00299494,Chargeur NT 4,Poignée rechargeable Li-ion Beta 4 USB et...
HX_HEIM00009945,0 P.OLIVES GRANDES/SOUPLES 5MM,Olives grandes/souples 5 mm
HX_HEIB00111400,Tête Otoscope Beta 400 F.O.,Otoscope Beta 400 F.O.
HX_HEID00871105N,Tête ophtalmoscope mini 3000 à LED - Noir,Ophtalmoscope mini 3000 - LED - Noir
HX_HEID00873109,Mini-c,Lampe d'examen portable à clip Mini C Noir.
HX_FRAEDA031,Papier ECG Edan SE 300B + SE 301,Oxymètre de pouls professionnel Edan H100B
HX_GIL612731,Alcool à 70° 250 ml,Alcool à 70° vol. 250 ml. (Présenté.)
HX_GIL606768,Cold cream tube de 50 ml,Cold cream Tube de 50ml.
HX_GIL612874,Sérum physiologique stérile 5 ml,Sérum physiologique stérile La boite de...
HX_GIL612870,Solution sans rinçage flacon de 500 ml,Solution nettoyante sans rinçage Le flacon...
HX_HAR413654,Pansement absorbant Zetuvit Stérile 20 x 25 cm,Pansement RespoSorb® Silicone Border 16 x...
HX_HAR413652,Pansement absorbant Zetuvit Stérile 10 x 20 cm,"Pansement RespoSorb® Silicone Border 12,5..."
HX_HAR413651,Pansement absorbant Zetuvit Stérile 10 x 10 cm,Pansement RespoSorb® Silicone Border 10 x...
HX_HAR609609,Pansement irrigo-absorbant HydroClean Advance  Mini rond 3 cm diam.,Pansement plaies suturées avec agrafes...
HX_HAR609166,"Pansement irrigo-absorbant HydroClean Advance Cavity rond 5,5 cm diam.",Pansement hydrocellulaire Cosmopor®...
HX_HAR609162,Pansement irrigo-absorbant HydroClean Advance Cavity rond 4 cm diam.,Pansement Méchage - MediSet®
HX_HEXLRESPWHEELS,Roues fauteuil releveur Emile/Marcel,Casque TV sans fil TV3500
HX_HEXSPTRANSFO,Transformateur + cable fauteuil releveur Basil/Georges,Protège matelas imperméable et respirant...
HX_HEXSPSPRING,Ressort pour fauteuil releveur Basil/Georges,Désodorisant surpuissant Sauvageon King
HX_HEXSPREMOTE,Télécommande fauteuil releveur Basil/Georges,"Seringues 3 pièces - 2,5 ml - Luer Lock..."
HX_HEXSPFTRM,Vérin repose-pieds fauteuil releveur Basil/Georges,HEXAform Maxi - Sachet de 20
HX_HEXSPBKRM,Vérin pour dossier fauteuil releveur Basil/Georges,HEXAform Maxi - Sachet de 20
HX_HEXLRESPSPRING,Set de ressorts fauteuil releveur Emile/Marcel,Casque TV sans fil TV3500
HX_HOLCPCURE01,Curettes dermatologiques stériles 2 mm,Curette dermatologique à usage unique...
HX_ID553136514001,iD Pants - Plus - L,iD Pants - Plus - XL
HX_ID553126514002,iD Pants - Plus - M,iD Pants - Plus - XL
HX_ID5171055101,iD Light Advanced Discreet Protection Féminine - Maxi,iD Discreet Light Advanced Protection...
HX_ID5630175140,iD Slip - Super - S,iD Slip - Super - XXL
HX_INP3760371010950,Taie d'oreiller pour oreiller papillon Multi-positions,Taie d’Oreiller Cervical Confort Plus en...
HX_MKLLS1,Lait hydratant Corps & Mains Lait d'Anesse BIO 200 ml,Savon solide au lait d'ânesse Bio neutre
HX_MKLTDM103,TESTEUR Crème famille BIO 100 ml AQUA,Crème famille Dermo-Hydratante BIO 100ml Aqua
HX_MKLPDM1,Présentoir AQUA Dermo Soins,Gel douche Dermo-Nettoyant BIO 1L Aqua
HX_MKLPSTDM,Stop rayon Aqua,Baume à lèvres au karité Bio
HX_MKLDM1,Gel douche Dermo-Nettoyant BIO 1L Aqua,Crème famille Dermo-Hydratante BIO 100ml Aqua
HX_MKLPNTDM,Nez de tablette AQUA,Gel douche Dermo-Nettoyant BIO 1L Aqua
HX_AKSCECOMPPF,Module pelvien Eco,Ceinture abdominale Eco Evolutive
HX_ART02050076100000,Couvercle pour bassin (blanc),Bassin de lit Couvercle pour bassin de lit .
HX_ART02022727100150,Seringue insuline 1 ml,Seringue à insuline Insumed - 1 ml
HX_ART58043027040100,Aiguilles de mésothérapie  27 G x 4 mm,"Aiguilles de mésothérapie  - 27 G x 5/32"""
HX_ART58071000090150,Seringue à insuline sans aiguille 1 ml,Seringues à insuline sans aiguille - 1 ml...
HX_ART58076000090100,Seringue sans aiguille 10 ml Luer central,Seringues sans aiguille - 10 ml - Luer...
HX_ART58073000090100,"Seringue sans aiguille 2,5 ml Lueur central","Seringues sans aiguille - 2,5 ml - Lueur..."
HX_ART02071250300350,Seringue à insuline - Montée,Seringues à insuline - Montées
HX_REV16679882UL,Ultrason présentoir étagère en carton FR,Tête de recharge Revitive Aerosure
HX_PARST03849,Collecteur Premium 10 L,Collecteurs Premium Collecteur 10 l. Dim....
HX_SWASM67,Lame chirurgicale pour bistouri n° 22A,Lame chirurgicale pour bistouri n° SM64
HX_TEC50822,Accoudoirs Moem,Seau pour chaise percée Moem
HX_SCA711208,TENA ProSkin Slip Super - Taille M,TENA Slip ProSkin Super - Taille M
HX_SCA712500,TENA Slip Maxi Large,TENA Slip ProSkin Maxi - Taille L
HX_TERMDSS01S2516E,Seringue 3 pièces Tuberculine 1 ML 25Gx16mm,Seringues 3 pièces Tuberculine - 1 ml - 25...
HX_TERMDSS01S2613E,Seringue Tuberculine 1ML 26Gx13mm,Seringues Tuberculine - 1 ml - 26 G -...
HX_TERMDSS05S2138E,Seringue 3 pièces 5 ml avec aiguille 21Gx38mm,Seringues 3 pièces - 5 ml - Avec aiguille...
HX_TERMDSS10S2138E,Seringue 3 pièces 10 ml Avec aiguille 21Gx38mm,Seringues 3 pièces - 10 ml - Avec aiguille...
HX_TERMDSS20ESE,Seringue 3 pièces 20 ml Embout excentré,Seringues 3 pièces - 20 ml - Luer Lock...
HX_TERMDSS01SE,Seringue 3 pièces Tuberculine 1 ml sans aiguille,Seringues 3 pièces Tuberculine - Sans...
HX_TERMDSS03SE,Seringue 3 Pièces 3 ml - Luer Slip Terumo,Seringues 3 pièces - 3 ml - Luer Slip centré
HX_TERAN2138R1,Aiguille Hypodermique Verte 21 G,Aiguilles hypodermiques - Vertes - 21 G -...
HX_TERAN2150R1,Aiguille Hypodermique verte 21 G,Aiguilles hypodermiques - Vertes - 21 G -...
HX_TERAN2116R1,Aiguille Hypodermique Verte 21 G,Aiguilles hypodermiques - Vertes - 21 G -...
HX_TERAN2125R1,Aiguille Hypodermique Verte21 G,Aiguilles hypodermiques - Vertes - 21 G -...
HX_TERAN1938R1,Aiguille Hypodermique creme19 G,Aiguilles hypodermiques - Crèmes - 19 G -...
HX_TERAN2038R1,Aiguille Hypodermique Jaune20 G,Aiguilles hypodermiques - Jaunes - 20 G -...
HX_TERAN2025R1,Aiguille Hypodermique Jaune20 G,Aiguille hypodermique - Jaune - 20 G
HX_TERAN1838S1,Aiguille Hypodermique Rose 18 G,Aiguilles hypodermiques - Roses - 18 G -...
HX_TERAN1838R1,Aiguille Hypodermique rose 18 G L. 38 mm,Aiguille Hypodermique Rose 18 G
HX_TERAN3013R1,Aiguille Agani Phlébologie 31/10 13 mm,Aiguilles hypodermiques - Jaunes - 30 G -...
HX_TERSS50L1,Seringue 3 pièces 50 ML Embout luer loc,Seringues 3 pièces - 50 ml - Luer lock centré
HX_TERSS50ES1,Seringue 3 pièces 50 ML Embout excentré,Seringues 3 pièces -50 ml - Luer Slip...
HX_TERSS50C1,Seringue 3 pièces 50 ML Embout cathéter,Seringues 3 pièces - 50 ml - Embout cathéter
HX_TERMDSS03S2138E,Seringues 3 pièces 3ml Avec aiguille,Seringues 3 pièces - Avec aiguille - 3 ml
HX_TERSS20L1,Seringue 3 pièces 20 ml Luer Lock,Seringues 3 pièces - 20 ml - Luer Lock centré
HX_TERAN2719R1,Aiguille Hypodermique gris 27 G L. 19 mm,Aiguilles hypodermiques - Grises - 27 G -...
HX_TERSRDM2032WX,Catheter court à ailettes SURFLO W 20 G,Cathéter et obturateur Cathéter ailettes...
HX_TERSS02LE1,"Seringue 3 pièces 2,5 ml Luer Lock","Seringues 3 pièces - 2,5 ml - Luer Lock..."
HX_TERSS05LE1,Seringue 3 pièces 5 ml Luer Lock,Seringues 3 pièces - 5 ml - Luer Lock centré
HX_TERSS10LE1,Seringue 3 pièces 10 ml Luer Lock,Seringues 3 pièces - 10 ml - Luer Lock centré
HX_TERAN2232R1,Aiguille Hypodermique Noire 22 G,Aiguilles hypodermiques - Noires - 22 G -...
HX_TERAN2238R1,Aiguille Hypodermique Noire 22 G,Aiguilles hypodermiques - Noires - 22 G -...
HX_TERAN2325R1,Aiguille Hypodermique bleue 23 G,Aiguilles hypodermiques - Bleues - 23 G -...
HX_TERAN2332R1,Aiguille Hypodermique bleue 23 G,Aiguilles hypodermiques - Bleues - 23 G -...
HX_TERAN2425R1,Aiguille Hypodermique Violette 24 G,Aiguilles hypodermiques - Violettes - 24 G...
HX_TERAN2516R1,Aiguille Hypodermique Orange 25 G,Aiguilles hypodermiques - Oranges - 25 G -...
HX_TERAN2525R1,Aiguille Hypodermique Orange 25 G,Aiguilles hypodermiques - Oranges - 25 G -...
HX_TERAN2613R1,Aiguille Hypodermique Marron 26 G,Aiguilles hypodermiques - Marrons - 26 G -...
HX_TERAN2716R1,Aiguille Hypodermique gris 27 G L. 16 mm,Aiguilles hypodermiques - Grises -  27 G -...
HX_TERMDSS10ESE,Seringue 3 pièces 10 ml - Embout excentré,Seringues 3 pièces - 10 ml - Luer Slip...
HX_TERSAN2538R1,Aiguille sécurité Safety Agani 25G 38 Mm-Orange,Aiguilles hypodermiques de sécurité Agani...
HX_TERSAN2338R1,Aiguille sécurité Safety Agani 23G 38 Mm-Bleu,Aiguilles hypodermiques de sécurité Agani...
HX_TERSAN2138R1,Aiguille Sécurité Safety Agani 21G 38 Mm-Vert,Aiguilles hypodermiques de sécurité Agani...
HX_TERSAN1838R1,Aiguille sécurité Safety Agani 18G 38 Mm,Aiguilles hypodermiques de sécurité Agani...
HX_EXP03770018808031,Brassard VitaliTENS Standard,Brassard VitaliTENS XS
HX_EXP03770018808017,Brassard VitaliTENS XL,Brassard VitaliTENS XS
HX_CLE474UZEROPLUSBOR40,Sabot ZeroPlus Bordeaux 40,Sabot ZeroPlus Bordeaux 35
HX_CLE474UZEROPLUSBOR42,Sabot ZeroPlus Bordeaux 42,Sabot ZeroPlus Bordeaux 35
HX_CLE475UZEROPLUSLIL42,Sabot ZeroPlus Lila 42,Sabot ZeroPlus Lila 35
HX_WEPEB02010,Sac urgence Elite Bags Critical Rouge,Sac à dos médical City Elite Bags
HX_WEPEB02008,Sac urgence Extrême Elite Bags,Sac à dos Paramed's EVO Elite Bags
HX_MEDM13002S2,"Compresse gaze 17 fils - 8 plis - 7,5 cm x 7,5 cm",Compresse gaze stérile 17 fils - 8 plis -...
HX_MEDM13001S5,COMPRESSES DE GAZE STERILES - 5 x 5 cm - 8 plis,"Compresse gaze stérile 7,5 cm x 7,5 cm"
HX_MEDM50330,Set de pose de stérilet,Tampons alcoolisés
HX_MEDM13002,"Compresse gaze Non Stérile 7,5 cm x 7,5 cm","Compresse gaze stérile 7,5 cm x 7,5 cm"
HX_WHEEBAG,Sac WheeBag Kit,Wheeleo® - Déambulateur à une main
HX_MEDES15211CE40,Champs essential adhésif 75*90cm BT 40,Champs essential adhésif 75*90cm  pBoite...
HX_ERG7M230000,Bombe anti crevaison,Support smartphone
HX_ERG7M10000,Assise positon 3 réglages,Support smartphone
HX_ERG7M090000,Roues avant bandage ERGO 08L,Support smartphone
HX_ERG7M05000G,Pantographe joystick Gauche,Repose jambe Gauche
HX_ERG7M050000,Pantographe joystick Droit,Support smartphone
HX_ERG7M01G000,Accoudoirs Gel E07L/E08L par 2,Support smartphone
HX_ERG7E010000,Adaptateur chargeur batterie E07/ E08,Support smartphone
HX_ERG9T130000,Drap de chargement,Support smartphone
HX_ERG9T05000,Sac de transport Ergo,Support smartphone
HX_CLE471UZEROPLUSNEG42,Sabot ZeroPlus Noir 42,Sabot ZeroPlus Noir 35
HX_CLE471UZEROPLUSNEG37,Sabot ZeroPlus Noir 37,Sabot ZeroPlus Noir 35
HX_CLE470UZEROPLUSBLA40,Sabot ZeroPlus Blanc 40,Sabot ZeroPlus Blanc 38
HX_CLE472UZEROPLUSAZU45,Sabot ZeroPlus Bleu Marine 45,Sabot ZeroPlus Bleu Marine 35
HX_CLE470UZEROPLUSBLA45,Sabot ZeroPlus Blanc 45,Sabot ZeroPlus Blanc 38
HX_CLE470UZEROPLUSBLA46,Sabot ZeroPlus Blanc 46,Sabot ZeroPlus Blanc 38
HX_CLE472UZEROPLUSAZU46,Sabot ZeroPlus Bleu Marine 46,Sabot ZeroPlus Bleu Marine 35
HX_CLE472UZEROPLUSAZU37,Sabot ZeroPlus Bleu Marine 37,Sabot ZeroPlus Bleu Marine 35
HX_CLE471UZEROPLUSNEG46,Sabot ZeroPlus Noir 46,Sabot ZeroPlus Noir 35
HX_ERGNC789M0300,Appui-tête (coussin + fixation),Support smartphone
HX_ERGACT00300,Sacoche / Accoudoirs,Réflecteur arrière
HX_ERGACM00200,Panier Ergo,Porte-tasse
HX_ERGACCO01,Repose-pieds escamotable et amovible,Lampe LED + fixation
HX_ERGAC00300,Chargeur USB,Lampe LED + fixation
HX_ERG8M15P000,Roues arrière pneumatique E08L,Système Clip & go
HX_ERG8M06000,Repose-pieds monobloc,Repose jambe Droit
HX_ERG7P010000,Porte canne + support,Support smartphone
HX_ERG7M240000,Boule de pilotage joystick,Support smartphone
HX_ERGACE00300,Gonfleur électrique portatif,Lampe LED + fixation
HX_WEPWM10795,Tuyau Aspiration Raccord Coude Serre,Aspirateur de mucosités Accuvac Lite...
HX_WEPWF57155,Poche aspiration Serres usage unique 1L Accu,Orthèse rigide de pouce - Main droite T.S
HX_SYS2901HUPN,Kit pour humidification circuit clos,Cadre de marche Bruxelles - Fixe - Drive...
HX_SYS2901HUOV,Kit pour humidification circuit ouvert,Cadre de marche Bruxelles - Fixe - Drive...
HX_SYS2901H,Kit de nébulisation aérosol ultasonic,Système d'irrigation transanale STD...
HX_ONT2316711,BabyCharm Super Dry Nappy New Born 2-5 kg,Babycharm Super Dry Flex  XL 13-18kg
HX_MIKTESTANGINE,Test angine abaisse langue Sejoy,Poche de froid instantané à usage unique...
LOCAERO,Location appareil générateur aerosol pneumatique ou sonique  jusqu'à 4 sem.,Chaussure Post-Op Donjoy PodaPro - XS -
LOCFRM2ACC,Location fauteuil roulant manuel 2 accessoires jusqu'à 52 sem.,Fauteuil roulant Action 3 NG Transit 43 cm
LOCBERCEAU,Location berceau,Autopiqueur Unistik® 3 - Gentle (Doux)
LEVMAL,Location lève personne jusqu'à 32 sem.,TENA Discreet Normal
LOCLIT902F,Location lit médicalisé 2 fonctions électriques 90 cm,Lit médicalisé enfant Kalin Winncare
LOCLIT903F,Location lit médicalisé 3 fonctions électriques 90 cm,Lit médicalisé enfant Kalin Winncare
LOCLIT120,Location lit médicalisé Grande largeur (patient  de + de 135 KG) simple sommier,Lit médicalisé enfant Kalin Winncare
LOCASPITRACH,Location aspirateur tracheal,Coussin Triangulaire POZ IN FORM 12 - 60 x...
LOCAEROMANO,Location appareil générateur aérosol manosonique DTF,Lit médicalisé enfant Kalin Winncare
LOCTIRELAITSTD,Location tire lait standard,Set tétine et capuchon de biberon
LOCTIRELAITPRO,Location tire lait Minikit Pro DTF,Set tétine et capuchon de biberon
LOCNEURO,Location neurostimulateur TENS ECO 2 - 1 sachet d'électrodes offert  (32 ou 50 mm),Bandelettes de cétonémie pour lecteur...
LOCUROSTIMW,Location urostim wireless,Ceinture lombaire DonJoy POROSTRAP - M -...
LOCCOMP,Location matelas air & compresseur,Bouchon luer lock mâle avec site d'injection
LOCFRM1ACC,Location fauteuil roulant manuel 1 accessoire jusqu'à 52 sem.,Fauteuil roulant Action 3 NG Transit 43 cm
LOCUROSTIM,Location urostim 2,Nettoyant quotidien Deterg'Anios
LIVFRM,Forfait livraison fauteuil roulant,Masque réanimateur de poche avec étui...
CGRROUSTD,Chaise garde robe à roulettes,Nettoyant quotidien Deterg'Anios
COUSSINPOSUNI,Coussin de positionnement universel 50x35,Coussins Kalli Visco 42 x 42 x 8 cm
COUSSINPOSBO,Coussin de positionnement bouée,Coussins Kalli Visco 42 x 42 x 8 cm
COUSSINPOSDL,Coussin de positionnement demi lune 200X35,Coussins Kalli Visco 42 x 42 x 8 cm
MATELASCL290,Matelas anti escarre classe 2 - 90cm,Drap Housse Standard 90x200 Dermofresh
MATELASSCL2120,Matelas anti escarre classe 2 - 120cm,Compresse de lin Phytotherma
COUSSINAEXL,Coussin anti escarre classe 2 + de 45,Accroche-canne Patterson
LIVASPITRACH,Forfait livraison à domicile aspirateur tracheal,Poche de froid à usage unique. 14 X 18 Cm
COUSSINAESTD,Coussin anti escarre classe 2 taille standard,Accroche-canne Patterson
LIVDESINF90,Forfait désinf./ livraison lit 90 cm,Anti-adhésif
COUSSINAEXS,Coussin anti escarre classe 2 -de 38cm,Accroche-canne Patterson
RELEVEUR1M,Fauteuil releveur 1 moteur à partir de,Fauteuil releveur électrique Minirelax
RELEVEUR2M,Fauteuil releveur  2 moteurs à partir de,Fauteuil releveur électrique Minirelax
PACKDRAPBL,Pack de draps bleu pour lit de 90 cm,Sparadrap 3M™ Micropore™ sans dévidoir...
PACKDRAPBC,Pack de draps blancs pour lit de 90 cm,Sparadrap 3M™ Micropore™ sans dévidoir...
BASSINCOUV1,bassin de lit avec couvercle,Élévateur de piscine Eco Pool
BASSINCOUV0,Bassin de lit sans couvercle,Élévateur de piscine Eco Pool
URINALH,Urinal Homme avec bouchon,Urinal anti-déversement Urolis
URINALHRFX,Urinal Homme anti reflux,Sonde urinaire SpeediCath Compact Set Homme
URINALF,Urinal Femme,Urinal anti-déversement Urolis
REHWCCLIP,Réhausse wc à clips,HEXAslip Maxi M - Sachet de 20
REHWCCONF,Réausse wc confort,Orthèse stabilisatrice de cheville Aircast...
PLANCHE,Planche de Bain,Planche de bain - 70 cm - Aquaplanche
TABROND,Tabouret de douche assise ronde,Pansement hydrocellulaire non adhésif pour...
TABRECT,Tabouret de douche rectangulaire,Table de lit avec piètement 3 positions...
CHDOUCHEREC,Chaise de douche rectangulaire,Fauteuil handbike Shark RT RGK
NEBULAD,Nébuliseurs micromist adulte,Protection anatomiques Suprem Form Regular...
NEBULENF,Nébuliseurs micromist enfant,Nébuliseur MICRO MIST avec masque adulte
FRMCONF,"Fauteuil roulant manuel de confort, dossier inclinable",TENA ProSkin Wash Cream / 3-en-1 - Flacon...
FAPSTDELEC,"Fauteuil à pousser standard, inclinaison électrique avec coussin anti-escarre et appareil de soutien partiel de la tête.",Sabot ZeroPlus Noir 37
FAPCONFELEC,"Fauteuil à pousser confort, inclinaison électrique",Aiguilles hypodermiques - Noires - 22 G -...
FAPCONFLEVER,Fauteuil à pousser confort avec aide au lever,Aiguilles hypodermiques - Noires - 22 G -...
CANNEANATDR,Canne anatomique main droite,Câbles moyens pour électrodes ActiTENS -...
CANNEANATGA,Canne anatomique main gauche,Robinet 3 voies BD Connecta™
CANNEMARPLI,Canne de marche pliante,Barre d'appui cannelée à fixer - 30 cm
FRMTRA,Fauteuil de transfert,Fauteuil roulant sportif Elite RGK
FRMSTDDF,"Fauteuil roulant manuel standard, dossier fixe",Distributeur savon ABS à fermeture à clé...
FRMSTDDI,"Fauteuil roulant manuel standard, dossier inclinable",Distributeur savon ABS à fermeture à clé...
CGR3EN1,Chaise percée de douche modulaire Pico commode Aquatec®,Liniment Oléo-Calcaire BIO 900 ml Baby Green
DEAMBFIX,Déambulateur fixe,Régulateur de débit Neoflow avec perfuseur...
DEAMBPLI,Déambulateur pliant,Coussin chauffant avec des noyaux de...
ROLL2STD,Rollator 2 roues standard,Fauteuil roulant électrique à propulsion...
ROLL3STD,Rollator 3 roues standard,Fauteuil roulant électrique à propulsion...
ROLL4STD,Rollator 4 roues standard,Fauteuil roulant électrique à propulsion...
ROLL4LEG,Rollator 4 roues lèger,Planche de transfert pliable Roller Slide...
CANNETRIP,Canne tripode,Canne Pliante avec poignée en T
CANNEANGLSTD,Canne anglaise standard,Barre d'appui cannelée à fixer - 30 cm
CANNANGLBM,Canne anglaise standard,Barre d'appui cannelée à fixer - 30 cm
CGRFIXESTD,Chaise garde robe fixe standard,Stéthoscope Cardiology IV - Edition...
TABLEHETRE,Table de lit 60x40cm plateau hêtre,Tablette multifonctions pour fauteuil...
LIVDESINF120,Forfait désinf./ livraison lit 120 cm/140 cm,Fauteuil roulant actif dossier réglable...
